<annotation>
	<folder>Macrolepiota Procera</folder>
	<filename>MP1.jpeg</filename>
	<path>C:\Users\perla\Desktop\HONGOS\Macrolepiota Procera\MP1.jpeg</path>
	<source>
		<database>Unknown</database>
	</source>
	<size>
		<width>739</width>
		<height>1080</height>
		<depth>3</depth>
	</size>
	<segmented>0</segmented>
	<object>
		<name>Macrolepiota procera</name>
		<pose>Unspecified</pose>
		<truncated>0</truncated>
		<difficult>0</difficult>
		<bndbox>
			<xmin>198</xmin>
			<ymin>338</ymin>
			<xmax>427</xmax>
			<ymax>869</ymax>
		</bndbox>
	</object>
	<object>
		<name>Macrolepiota procera</name>
		<pose>Unspecified</pose>
		<truncated>0</truncated>
		<difficult>0</difficult>
		<bndbox>
			<xmin>407</xmin>
			<ymin>181</ymin>
			<xmax>593</xmax>
			<ymax>759</ymax>
		</bndbox>
	</object>
</annotation>
