<annotation>
	<folder>Macrolepiota Procera</folder>
	<filename>MP106.jpeg</filename>
	<path>C:\Users\perla\Desktop\HONGOS\Macrolepiota Procera\MP106.jpeg</path>
	<source>
		<database>Unknown</database>
	</source>
	<size>
		<width>2048</width>
		<height>1362</height>
		<depth>3</depth>
	</size>
	<segmented>0</segmented>
	<object>
		<name>Macrolepiota procera</name>
		<pose>Unspecified</pose>
		<truncated>0</truncated>
		<difficult>0</difficult>
		<bndbox>
			<xmin>512</xmin>
			<ymin>223</ymin>
			<xmax>1621</xmax>
			<ymax>1279</ymax>
		</bndbox>
	</object>
</annotation>
