<annotation>
	<folder>Macrolepiota Procera</folder>
	<filename>MP126.jpeg</filename>
	<path>C:\Users\drago\OneDrive\Documentos\proyecto\Red neuronal\Macrolepiota Procera\MP126.jpeg</path>
	<source>
		<database>Unknown</database>
	</source>
	<size>
		<width>768</width>
		<height>1024</height>
		<depth>3</depth>
	</size>
	<segmented>0</segmented>
	<object>
		<name>Macrolepiota-procera</name>
		<pose>Unspecified</pose>
		<truncated>0</truncated>
		<difficult>0</difficult>
		<bndbox>
			<xmin>272</xmin>
			<ymin>438</ymin>
			<xmax>369</xmax>
			<ymax>519</ymax>
		</bndbox>
	</object>
	<object>
		<name>Macrolepiota-procera</name>
		<pose>Unspecified</pose>
		<truncated>0</truncated>
		<difficult>0</difficult>
		<bndbox>
			<xmin>342</xmin>
			<ymin>410</ymin>
			<xmax>422</xmax>
			<ymax>472</ymax>
		</bndbox>
	</object>
</annotation>
