<annotation>
	<folder>Macrolepiota Procera</folder>
	<filename>MP125.jpeg</filename>
	<path>C:\Users\drago\OneDrive\Documentos\proyecto\Red neuronal\Macrolepiota Procera\MP125.jpeg</path>
	<source>
		<database>Unknown</database>
	</source>
	<size>
		<width>768</width>
		<height>1024</height>
		<depth>3</depth>
	</size>
	<segmented>0</segmented>
	<object>
		<name>Macrolepiota-procera</name>
		<pose>Unspecified</pose>
		<truncated>0</truncated>
		<difficult>0</difficult>
		<bndbox>
			<xmin>122</xmin>
			<ymin>444</ymin>
			<xmax>408</xmax>
			<ymax>714</ymax>
		</bndbox>
	</object>
	<object>
		<name>Macrolepiota-procera</name>
		<pose>Unspecified</pose>
		<truncated>0</truncated>
		<difficult>0</difficult>
		<bndbox>
			<xmin>374</xmin>
			<ymin>383</ymin>
			<xmax>580</xmax>
			<ymax>563</ymax>
		</bndbox>
	</object>
</annotation>
