<annotation>
	<folder>Macrolepiota Procera</folder>
	<filename>MP140.jpg</filename>
	<path>C:\Users\drago\OneDrive\Documentos\proyecto\Red neuronal\Macrolepiota Procera\MP140.jpg</path>
	<source>
		<database>Unknown</database>
	</source>
	<size>
		<width>600</width>
		<height>800</height>
		<depth>3</depth>
	</size>
	<segmented>0</segmented>
	<object>
		<name>Macrolepiota-procera</name>
		<pose>Unspecified</pose>
		<truncated>0</truncated>
		<difficult>0</difficult>
		<bndbox>
			<xmin>159</xmin>
			<ymin>67</ymin>
			<xmax>515</xmax>
			<ymax>319</ymax>
		</bndbox>
	</object>
</annotation>
