<annotation>
	<folder>Macrolepiota Procera</folder>
	<filename>MP145.jpg</filename>
	<path>C:\Users\drago\OneDrive\Documentos\proyecto\Red neuronal\Macrolepiota Procera\MP145.jpg</path>
	<source>
		<database>Unknown</database>
	</source>
	<size>
		<width>1024</width>
		<height>768</height>
		<depth>3</depth>
	</size>
	<segmented>0</segmented>
	<object>
		<name>Macrolepiota-procera</name>
		<pose>Unspecified</pose>
		<truncated>0</truncated>
		<difficult>0</difficult>
		<bndbox>
			<xmin>215</xmin>
			<ymin>140</ymin>
			<xmax>322</xmax>
			<ymax>270</ymax>
		</bndbox>
	</object>
	<object>
		<name>Macrolepiota-procera</name>
		<pose>Unspecified</pose>
		<truncated>0</truncated>
		<difficult>0</difficult>
		<bndbox>
			<xmin>419</xmin>
			<ymin>267</ymin>
			<xmax>491</xmax>
			<ymax>365</ymax>
		</bndbox>
	</object>
	<object>
		<name>Macrolepiota-procera</name>
		<pose>Unspecified</pose>
		<truncated>0</truncated>
		<difficult>0</difficult>
		<bndbox>
			<xmin>720</xmin>
			<ymin>274</ymin>
			<xmax>851</xmax>
			<ymax>410</ymax>
		</bndbox>
	</object>
</annotation>
