<annotation>
	<folder>Macrolepiota Procera</folder>
	<filename>MP149.jpeg</filename>
	<path>C:\Users\drago\OneDrive\Documentos\proyecto\Red neuronal\Macrolepiota Procera\MP149.jpeg</path>
	<source>
		<database>Unknown</database>
	</source>
	<size>
		<width>768</width>
		<height>1024</height>
		<depth>3</depth>
	</size>
	<segmented>0</segmented>
	<object>
		<name>Macrolepiota-procera</name>
		<pose>Unspecified</pose>
		<truncated>0</truncated>
		<difficult>0</difficult>
		<bndbox>
			<xmin>356</xmin>
			<ymin>282</ymin>
			<xmax>738</xmax>
			<ymax>564</ymax>
		</bndbox>
	</object>
	<object>
		<name>Macrolepiota-procera</name>
		<pose>Unspecified</pose>
		<truncated>0</truncated>
		<difficult>0</difficult>
		<bndbox>
			<xmin>14</xmin>
			<ymin>339</ymin>
			<xmax>224</xmax>
			<ymax>480</ymax>
		</bndbox>
	</object>
</annotation>
