<annotation>
	<folder>Macrolepiota Procera</folder>
	<filename>MP164.jpg</filename>
	<path>C:\Users\drago\OneDrive\Documentos\proyecto\Red neuronal\Macrolepiota Procera\MP164.jpg</path>
	<source>
		<database>Unknown</database>
	</source>
	<size>
		<width>865</width>
		<height>1024</height>
		<depth>3</depth>
	</size>
	<segmented>0</segmented>
	<object>
		<name>Macrolepiota-procera</name>
		<pose>Unspecified</pose>
		<truncated>0</truncated>
		<difficult>0</difficult>
		<bndbox>
			<xmin>206</xmin>
			<ymin>288</ymin>
			<xmax>667</xmax>
			<ymax>497</ymax>
		</bndbox>
	</object>
</annotation>
