<annotation>
	<folder>Macrolepiota Procera</folder>
	<filename>MP17.jpeg</filename>
	<path>C:\Users\perla\Desktop\HONGOS\Macrolepiota Procera\MP17.jpeg</path>
	<source>
		<database>Unknown</database>
	</source>
	<size>
		<width>1536</width>
		<height>2048</height>
		<depth>3</depth>
	</size>
	<segmented>0</segmented>
	<object>
		<name>Macrolepiota procera</name>
		<pose>Unspecified</pose>
		<truncated>1</truncated>
		<difficult>0</difficult>
		<bndbox>
			<xmin>350</xmin>
			<ymin>505</ymin>
			<xmax>1536</xmax>
			<ymax>1658</ymax>
		</bndbox>
	</object>
</annotation>
