<annotation>
	<folder>Macrolepiota Procera</folder>
	<filename>MP22.jpg</filename>
	<path>C:\Users\perla\Desktop\HONGOS\Macrolepiota Procera\MP22.jpg</path>
	<source>
		<database>Unknown</database>
	</source>
	<size>
		<width>2048</width>
		<height>1365</height>
		<depth>3</depth>
	</size>
	<segmented>0</segmented>
	<object>
		<name>Macrolepiota procera</name>
		<pose>Unspecified</pose>
		<truncated>0</truncated>
		<difficult>0</difficult>
		<bndbox>
			<xmin>158</xmin>
			<ymin>267</ymin>
			<xmax>972</xmax>
			<ymax>1261</ymax>
		</bndbox>
	</object>
	<object>
		<name>Macrolepiota procera</name>
		<pose>Unspecified</pose>
		<truncated>0</truncated>
		<difficult>0</difficult>
		<bndbox>
			<xmin>931</xmin>
			<ymin>294</ymin>
			<xmax>1687</xmax>
			<ymax>920</ymax>
		</bndbox>
	</object>
	<object>
		<name>Macrolepiota procera</name>
		<pose>Unspecified</pose>
		<truncated>1</truncated>
		<difficult>0</difficult>
		<bndbox>
			<xmin>860</xmin>
			<ymin>855</ymin>
			<xmax>1368</xmax>
			<ymax>1365</ymax>
		</bndbox>
	</object>
</annotation>
