<annotation>
	<folder>Macrolepiota Procera</folder>
	<filename>MP28.jpg</filename>
	<path>C:\Users\perla\Desktop\HONGOS\Macrolepiota Procera\MP28.jpg</path>
	<source>
		<database>Unknown</database>
	</source>
	<size>
		<width>1536</width>
		<height>2048</height>
		<depth>3</depth>
	</size>
	<segmented>0</segmented>
	<object>
		<name>Macrolepiota procera</name>
		<pose>Unspecified</pose>
		<truncated>0</truncated>
		<difficult>0</difficult>
		<bndbox>
			<xmin>260</xmin>
			<ymin>733</ymin>
			<xmax>1150</xmax>
			<ymax>1530</ymax>
		</bndbox>
	</object>
	<object>
		<name>Macrolepiota procera</name>
		<pose>Unspecified</pose>
		<truncated>0</truncated>
		<difficult>0</difficult>
		<bndbox>
			<xmin>594</xmin>
			<ymin>445</ymin>
			<xmax>835</xmax>
			<ymax>661</ymax>
		</bndbox>
	</object>
</annotation>
