<annotation>
	<folder>Macrolepiota Procera</folder>
	<filename>MP3.jpeg</filename>
	<path>C:\Users\perla\Desktop\HONGOS\Macrolepiota Procera\MP3.jpeg</path>
	<source>
		<database>Unknown</database>
	</source>
	<size>
		<width>1255</width>
		<height>938</height>
		<depth>3</depth>
	</size>
	<segmented>0</segmented>
	<object>
		<name>Macrolepiota procera</name>
		<pose>Unspecified</pose>
		<truncated>0</truncated>
		<difficult>0</difficult>
		<bndbox>
			<xmin>170</xmin>
			<ymin>281</ymin>
			<xmax>586</xmax>
			<ymax>698</ymax>
		</bndbox>
	</object>
	<object>
		<name>Macrolepiota procera</name>
		<pose>Unspecified</pose>
		<truncated>0</truncated>
		<difficult>0</difficult>
		<bndbox>
			<xmin>679</xmin>
			<ymin>112</ymin>
			<xmax>1137</xmax>
			<ymax>817</ymax>
		</bndbox>
	</object>
</annotation>
