<annotation>
	<folder>Macrolepiota Procera</folder>
	<filename>MP74.jpg</filename>
	<path>C:\Users\perla\Desktop\HONGOS\Macrolepiota Procera\MP74.jpg</path>
	<source>
		<database>Unknown</database>
	</source>
	<size>
		<width>2048</width>
		<height>1536</height>
		<depth>3</depth>
	</size>
	<segmented>0</segmented>
	<object>
		<name>Macrolepiota procera</name>
		<pose>Unspecified</pose>
		<truncated>0</truncated>
		<difficult>0</difficult>
		<bndbox>
			<xmin>478</xmin>
			<ymin>179</ymin>
			<xmax>983</xmax>
			<ymax>1233</ymax>
		</bndbox>
	</object>
	<object>
		<name>Macrolepiota procera</name>
		<pose>Unspecified</pose>
		<truncated>0</truncated>
		<difficult>0</difficult>
		<bndbox>
			<xmin>1136</xmin>
			<ymin>335</ymin>
			<xmax>1529</xmax>
			<ymax>1270</ymax>
		</bndbox>
	</object>
</annotation>
