<annotation>
	<folder>Macrolepiota Procera</folder>
	<filename>MP78.jpeg</filename>
	<path>C:\Users\perla\Desktop\HONGOS\Macrolepiota Procera\MP78.jpeg</path>
	<source>
		<database>Unknown</database>
	</source>
	<size>
		<width>1800</width>
		<height>1350</height>
		<depth>3</depth>
	</size>
	<segmented>0</segmented>
	<object>
		<name>Macrolepiota procera</name>
		<pose>Unspecified</pose>
		<truncated>0</truncated>
		<difficult>0</difficult>
		<bndbox>
			<xmin>651</xmin>
			<ymin>119</ymin>
			<xmax>1496</xmax>
			<ymax>1081</ymax>
		</bndbox>
	</object>
</annotation>
