<annotation>
	<folder>Macrolepiota Procera</folder>
	<filename>MP79.jpg</filename>
	<path>C:\Users\perla\Desktop\HONGOS\Macrolepiota Procera\MP79.jpg</path>
	<source>
		<database>Unknown</database>
	</source>
	<size>
		<width>2048</width>
		<height>1536</height>
		<depth>3</depth>
	</size>
	<segmented>0</segmented>
	<object>
		<name>Macrolepiota procera</name>
		<pose>Unspecified</pose>
		<truncated>0</truncated>
		<difficult>0</difficult>
		<bndbox>
			<xmin>174</xmin>
			<ymin>742</ymin>
			<xmax>802</xmax>
			<ymax>1396</ymax>
		</bndbox>
	</object>
	<object>
		<name>Macrolepiota procera</name>
		<pose>Unspecified</pose>
		<truncated>0</truncated>
		<difficult>0</difficult>
		<bndbox>
			<xmin>360</xmin>
			<ymin>400</ymin>
			<xmax>1016</xmax>
			<ymax>1070</ymax>
		</bndbox>
	</object>
	<object>
		<name>Macrolepiota procera</name>
		<pose>Unspecified</pose>
		<truncated>0</truncated>
		<difficult>0</difficult>
		<bndbox>
			<xmin>1174</xmin>
			<ymin>514</ymin>
			<xmax>1953</xmax>
			<ymax>1286</ymax>
		</bndbox>
	</object>
</annotation>
