<annotation>
	<folder>Macrolepiota Procera</folder>
	<filename>MP80.jpg</filename>
	<path>C:\Users\perla\Desktop\HONGOS\Macrolepiota Procera\MP80.jpg</path>
	<source>
		<database>Unknown</database>
	</source>
	<size>
		<width>1512</width>
		<height>2016</height>
		<depth>3</depth>
	</size>
	<segmented>0</segmented>
	<object>
		<name>Macrolepiota procera</name>
		<pose>Unspecified</pose>
		<truncated>0</truncated>
		<difficult>0</difficult>
		<bndbox>
			<xmin>207</xmin>
			<ymin>648</ymin>
			<xmax>1026</xmax>
			<ymax>1526</ymax>
		</bndbox>
	</object>
</annotation>
