<annotation>
	<folder>Macrolepiota Procera</folder>
	<filename>MP87.jpeg</filename>
	<path>C:\Users\perla\Desktop\HONGOS\Macrolepiota Procera\MP87.jpeg</path>
	<source>
		<database>Unknown</database>
	</source>
	<size>
		<width>2048</width>
		<height>1152</height>
		<depth>3</depth>
	</size>
	<segmented>0</segmented>
	<object>
		<name>Macrolepiota procera</name>
		<pose>Unspecified</pose>
		<truncated>0</truncated>
		<difficult>0</difficult>
		<bndbox>
			<xmin>981</xmin>
			<ymin>288</ymin>
			<xmax>1383</xmax>
			<ymax>849</ymax>
		</bndbox>
	</object>
</annotation>
