<annotation>
	<folder>Macrolepiota Procera</folder>
	<filename>MP88.jpeg</filename>
	<path>C:\Users\perla\Desktop\HONGOS\Macrolepiota Procera\MP88.jpeg</path>
	<source>
		<database>Unknown</database>
	</source>
	<size>
		<width>1208</width>
		<height>1405</height>
		<depth>3</depth>
	</size>
	<segmented>0</segmented>
	<object>
		<name>Macrolepiota procera</name>
		<pose>Unspecified</pose>
		<truncated>0</truncated>
		<difficult>0</difficult>
		<bndbox>
			<xmin>211</xmin>
			<ymin>290</ymin>
			<xmax>980</xmax>
			<ymax>945</ymax>
		</bndbox>
	</object>
</annotation>
