<annotation>
	<folder>Macrolepiota Procera</folder>
	<filename>MP95.jpg</filename>
	<path>C:\Users\perla\Desktop\HONGOS\Macrolepiota Procera\MP95.jpg</path>
	<source>
		<database>Unknown</database>
	</source>
	<size>
		<width>1920</width>
		<height>1080</height>
		<depth>3</depth>
	</size>
	<segmented>0</segmented>
	<object>
		<name>Macrolepiota procera</name>
		<pose>Unspecified</pose>
		<truncated>0</truncated>
		<difficult>0</difficult>
		<bndbox>
			<xmin>843</xmin>
			<ymin>6</ymin>
			<xmax>1205</xmax>
			<ymax>866</ymax>
		</bndbox>
	</object>
</annotation>
