<annotation>
	<folder>Macrolepiota Procera</folder>
	<filename>mp99.jpg</filename>
	<path>C:\Users\perla\Desktop\HONGOS\Macrolepiota Procera\mp99.jpg</path>
	<source>
		<database>Unknown</database>
	</source>
	<size>
		<width>638</width>
		<height>850</height>
		<depth>3</depth>
	</size>
	<segmented>0</segmented>
	<object>
		<name>Macrolepiota procera</name>
		<pose>Unspecified</pose>
		<truncated>0</truncated>
		<difficult>0</difficult>
		<bndbox>
			<xmin>255</xmin>
			<ymin>138</ymin>
			<xmax>506</xmax>
			<ymax>840</ymax>
		</bndbox>
	</object>
</annotation>
