<annotation>
	<folder>Amanita bisporigera</folder>
	<filename>AB002.jpg</filename>
	<path>C:\Users\drago\OneDrive\Documentos\proyecto\Red neuronal\Amanita bisporigera\AB002.jpg</path>
	<source>
		<database>Unknown</database>
	</source>
	<size>
		<width>1536</width>
		<height>2048</height>
		<depth>3</depth>
	</size>
	<segmented>0</segmented>
	<object>
		<name>amanita-bis</name>
		<pose>Unspecified</pose>
		<truncated>0</truncated>
		<difficult>0</difficult>
		<bndbox>
			<xmin>544</xmin>
			<ymin>805</ymin>
			<xmax>1232</xmax>
			<ymax>1440</ymax>
		</bndbox>
	</object>
	<object>
		<name>amanita-bis</name>
		<pose>Unspecified</pose>
		<truncated>0</truncated>
		<difficult>0</difficult>
		<bndbox>
			<xmin>1010</xmin>
			<ymin>1362</ymin>
			<xmax>1241</xmax>
			<ymax>1596</ymax>
		</bndbox>
	</object>
</annotation>
