<annotation>
	<folder>Amanita bisporigera</folder>
	<filename>AB01.jpg</filename>
	<path>C:\Users\drago\OneDrive\Documentos\proyecto\Red neuronal\Amanita bisporigera\AB01.jpg</path>
	<source>
		<database>Unknown</database>
	</source>
	<size>
		<width>1536</width>
		<height>2048</height>
		<depth>3</depth>
	</size>
	<segmented>0</segmented>
	<object>
		<name>amanita-bis</name>
		<pose>Unspecified</pose>
		<truncated>0</truncated>
		<difficult>0</difficult>
		<bndbox>
			<xmin>487</xmin>
			<ymin>119</ymin>
			<xmax>1166</xmax>
			<ymax>837</ymax>
		</bndbox>
	</object>
</annotation>
