<annotation>
	<folder>Amanita bisporigera</folder>
	<filename>AB070.jpg</filename>
	<path>C:\Users\drago\OneDrive\Documentos\proyecto\Red neuronal\Amanita bisporigera\AB070.jpg</path>
	<source>
		<database>Unknown</database>
	</source>
	<size>
		<width>768</width>
		<height>1024</height>
		<depth>3</depth>
	</size>
	<segmented>0</segmented>
	<object>
		<name>amanita-bis</name>
		<pose>Unspecified</pose>
		<truncated>0</truncated>
		<difficult>0</difficult>
		<bndbox>
			<xmin>271</xmin>
			<ymin>400</ymin>
			<xmax>615</xmax>
			<ymax>717</ymax>
		</bndbox>
	</object>
	<object>
		<name>amanita-bis</name>
		<pose>Unspecified</pose>
		<truncated>0</truncated>
		<difficult>0</difficult>
		<bndbox>
			<xmin>502</xmin>
			<ymin>678</ymin>
			<xmax>617</xmax>
			<ymax>806</ymax>
		</bndbox>
	</object>
</annotation>
