<annotation>
	<folder>Amanita bisporigera</folder>
	<filename>AB083.jpeg</filename>
	<path>C:\Users\drago\OneDrive\Documentos\proyecto\Red neuronal\Amanita bisporigera\AB083.jpeg</path>
	<source>
		<database>Unknown</database>
	</source>
	<size>
		<width>1024</width>
		<height>683</height>
		<depth>3</depth>
	</size>
	<segmented>0</segmented>
	<object>
		<name>amanita-bis</name>
		<pose>Unspecified</pose>
		<truncated>0</truncated>
		<difficult>0</difficult>
		<bndbox>
			<xmin>532</xmin>
			<ymin>92</ymin>
			<xmax>838</xmax>
			<ymax>472</ymax>
		</bndbox>
	</object>
	<object>
		<name>amanita-bis</name>
		<pose>Unspecified</pose>
		<truncated>0</truncated>
		<difficult>0</difficult>
		<bndbox>
			<xmin>133</xmin>
			<ymin>67</ymin>
			<xmax>443</xmax>
			<ymax>669</ymax>
		</bndbox>
	</object>
</annotation>
