<annotation>
	<folder>Amanita bisporigera</folder>
	<filename>AB087.jpeg</filename>
	<path>C:\Users\drago\OneDrive\Documentos\proyecto\Red neuronal\Amanita bisporigera\AB087.jpeg</path>
	<source>
		<database>Unknown</database>
	</source>
	<size>
		<width>498</width>
		<height>1024</height>
		<depth>3</depth>
	</size>
	<segmented>0</segmented>
	<object>
		<name>amanita-bis</name>
		<pose>Unspecified</pose>
		<truncated>1</truncated>
		<difficult>0</difficult>
		<bndbox>
			<xmin>96</xmin>
			<ymin>297</ymin>
			<xmax>498</xmax>
			<ymax>627</ymax>
		</bndbox>
	</object>
</annotation>
