<annotation>
	<folder>Amanita bisporigera</folder>
	<filename>AB101.jpg</filename>
	<path>C:\Users\drago\OneDrive\Documentos\proyecto\Red neuronal\Amanita bisporigera\AB101.jpg</path>
	<source>
		<database>Unknown</database>
	</source>
	<size>
		<width>717</width>
		<height>1024</height>
		<depth>3</depth>
	</size>
	<segmented>0</segmented>
	<object>
		<name>amanita-bis</name>
		<pose>Unspecified</pose>
		<truncated>1</truncated>
		<difficult>0</difficult>
		<bndbox>
			<xmin>1</xmin>
			<ymin>1</ymin>
			<xmax>322</xmax>
			<ymax>273</ymax>
		</bndbox>
	</object>
	<object>
		<name>amanita-bis</name>
		<pose>Unspecified</pose>
		<truncated>0</truncated>
		<difficult>0</difficult>
		<bndbox>
			<xmin>383</xmin>
			<ymin>529</ymin>
			<xmax>571</xmax>
			<ymax>790</ymax>
		</bndbox>
	</object>
</annotation>
