<annotation>
	<folder>Amanita bisporigera</folder>
	<filename>AB127.jpg</filename>
	<path>C:\Users\drago\OneDrive\Documentos\proyecto\Red neuronal\Amanita bisporigera\AB127.jpg</path>
	<source>
		<database>Unknown</database>
	</source>
	<size>
		<width>842</width>
		<height>1024</height>
		<depth>3</depth>
	</size>
	<segmented>0</segmented>
	<object>
		<name>amanita-bis</name>
		<pose>Unspecified</pose>
		<truncated>0</truncated>
		<difficult>0</difficult>
		<bndbox>
			<xmin>131</xmin>
			<ymin>166</ymin>
			<xmax>642</xmax>
			<ymax>889</ymax>
		</bndbox>
	</object>
</annotation>
