<annotation>
	<folder>Amanita bisporigera</folder>
	<filename>AB149.jpg</filename>
	<path>C:\Users\drago\OneDrive\Documentos\proyecto\Red neuronal\Amanita bisporigera\AB149.jpg</path>
	<source>
		<database>Unknown</database>
	</source>
	<size>
		<width>756</width>
		<height>1008</height>
		<depth>3</depth>
	</size>
	<segmented>0</segmented>
	<object>
		<name>amanita-bis</name>
		<pose>Unspecified</pose>
		<truncated>0</truncated>
		<difficult>0</difficult>
		<bndbox>
			<xmin>180</xmin>
			<ymin>28</ymin>
			<xmax>745</xmax>
			<ymax>465</ymax>
		</bndbox>
	</object>
</annotation>
