<annotation>
	<folder>Amanita muscaria</folder>
	<filename>AMus048.jpeg</filename>
	<path>C:\Users\drago\OneDrive\Documentos\proyecto\Red neuronal\Amanita muscaria\AMus048.jpeg</path>
	<source>
		<database>Unknown</database>
	</source>
	<size>
		<width>498</width>
		<height>1024</height>
		<depth>3</depth>
	</size>
	<segmented>0</segmented>
	<object>
		<name>Amanita-muscaria</name>
		<pose>Unspecified</pose>
		<truncated>0</truncated>
		<difficult>0</difficult>
		<bndbox>
			<xmin>76</xmin>
			<ymin>346</ymin>
			<xmax>410</xmax>
			<ymax>666</ymax>
		</bndbox>
	</object>
</annotation>
