<annotation>
	<folder>Amanita muscaria</folder>
	<filename>AMus054.jpeg</filename>
	<path>C:\Users\drago\OneDrive\Documentos\proyecto\Red neuronal\Amanita muscaria\AMus054.jpeg</path>
	<source>
		<database>Unknown</database>
	</source>
	<size>
		<width>890</width>
		<height>1024</height>
		<depth>3</depth>
	</size>
	<segmented>0</segmented>
	<object>
		<name>Amanita-muscaria</name>
		<pose>Unspecified</pose>
		<truncated>0</truncated>
		<difficult>0</difficult>
		<bndbox>
			<xmin>275</xmin>
			<ymin>161</ymin>
			<xmax>847</xmax>
			<ymax>401</ymax>
		</bndbox>
	</object>
	<object>
		<name>Amanita-muscaria</name>
		<pose>Unspecified</pose>
		<truncated>0</truncated>
		<difficult>0</difficult>
		<bndbox>
			<xmin>47</xmin>
			<ymin>309</ymin>
			<xmax>689</xmax>
			<ymax>523</ymax>
		</bndbox>
	</object>
	<object>
		<name>Amanita-muscaria</name>
		<pose>Unspecified</pose>
		<truncated>0</truncated>
		<difficult>0</difficult>
		<bndbox>
			<xmin>110</xmin>
			<ymin>518</ymin>
			<xmax>729</xmax>
			<ymax>675</ymax>
		</bndbox>
	</object>
</annotation>
