<annotation>
	<folder>Amanita muscaria</folder>
	<filename>AMus175.jpg</filename>
	<path>C:\Users\drago\OneDrive\Documentos\proyecto\Red neuronal\Amanita muscaria\AMus175.jpg</path>
	<source>
		<database>Unknown</database>
	</source>
	<size>
		<width>1024</width>
		<height>921</height>
		<depth>3</depth>
	</size>
	<segmented>0</segmented>
	<object>
		<name>Amanita-muscaria</name>
		<pose>Unspecified</pose>
		<truncated>0</truncated>
		<difficult>0</difficult>
		<bndbox>
			<xmin>513</xmin>
			<ymin>418</ymin>
			<xmax>839</xmax>
			<ymax>844</ymax>
		</bndbox>
	</object>
	<object>
		<name>Amanita-muscaria</name>
		<pose>Unspecified</pose>
		<truncated>0</truncated>
		<difficult>0</difficult>
		<bndbox>
			<xmin>688</xmin>
			<ymin>38</ymin>
			<xmax>960</xmax>
			<ymax>396</ymax>
		</bndbox>
	</object>
	<object>
		<name>Amanita-muscaria</name>
		<pose>Unspecified</pose>
		<truncated>0</truncated>
		<difficult>0</difficult>
		<bndbox>
			<xmin>36</xmin>
			<ymin>76</ymin>
			<xmax>681</xmax>
			<ymax>359</ymax>
		</bndbox>
	</object>
</annotation>
