<annotation>
	<folder>Amanita muscaria</folder>
	<filename>AMus100.jpeg</filename>
	<path>C:\Users\drago\OneDrive\Documentos\proyecto\Red neuronal\Amanita muscaria\AMus100.jpeg</path>
	<source>
		<database>Unknown</database>
	</source>
	<size>
		<width>911</width>
		<height>1024</height>
		<depth>3</depth>
	</size>
	<segmented>0</segmented>
	<object>
		<name>Amanita-muscaria</name>
		<pose>Unspecified</pose>
		<truncated>0</truncated>
		<difficult>0</difficult>
		<bndbox>
			<xmin>35</xmin>
			<ymin>74</ymin>
			<xmax>885</xmax>
			<ymax>433</ymax>
		</bndbox>
	</object>
</annotation>
