<annotation>
	<folder>Amanita muscaria</folder>
	<filename>AMus082.jpeg</filename>
	<path>C:\Users\drago\OneDrive\Documentos\proyecto\Red neuronal\Amanita muscaria\AMus082.jpeg</path>
	<source>
		<database>Unknown</database>
	</source>
	<size>
		<width>771</width>
		<height>1024</height>
		<depth>3</depth>
	</size>
	<segmented>0</segmented>
	<object>
		<name>Amanita-muscaria</name>
		<pose>Unspecified</pose>
		<truncated>0</truncated>
		<difficult>0</difficult>
		<bndbox>
			<xmin>203</xmin>
			<ymin>135</ymin>
			<xmax>527</xmax>
			<ymax>307</ymax>
		</bndbox>
	</object>
	<object>
		<name>Amanita-muscaria</name>
		<pose>Unspecified</pose>
		<truncated>0</truncated>
		<difficult>0</difficult>
		<bndbox>
			<xmin>450</xmin>
			<ymin>341</ymin>
			<xmax>555</xmax>
			<ymax>463</ymax>
		</bndbox>
	</object>
	<object>
		<name>Amanita-muscaria</name>
		<pose>Unspecified</pose>
		<truncated>0</truncated>
		<difficult>0</difficult>
		<bndbox>
			<xmin>246</xmin>
			<ymin>309</ymin>
			<xmax>330</xmax>
			<ymax>400</ymax>
		</bndbox>
	</object>
</annotation>
