<annotation>
	<folder>Amanita muscaria</folder>
	<filename>AMus044.jpeg</filename>
	<path>C:\Users\drago\OneDrive\Documentos\proyecto\Red neuronal\Amanita muscaria\AMus044.jpeg</path>
	<source>
		<database>Unknown</database>
	</source>
	<size>
		<width>498</width>
		<height>1024</height>
		<depth>3</depth>
	</size>
	<segmented>0</segmented>
	<object>
		<name>Amanita-muscaria</name>
		<pose>Unspecified</pose>
		<truncated>0</truncated>
		<difficult>0</difficult>
		<bndbox>
			<xmin>156</xmin>
			<ymin>470</ymin>
			<xmax>376</xmax>
			<ymax>661</ymax>
		</bndbox>
	</object>
</annotation>
