<annotation>
	<folder>Amanita muscaria</folder>
	<filename>AMus063.jpg</filename>
	<path>C:\Users\drago\OneDrive\Documentos\proyecto\Red neuronal\Amanita muscaria\AMus063.jpg</path>
	<source>
		<database>Unknown</database>
	</source>
	<size>
		<width>800</width>
		<height>896</height>
		<depth>3</depth>
	</size>
	<segmented>0</segmented>
	<object>
		<name>Amanita-muscaria</name>
		<pose>Unspecified</pose>
		<truncated>0</truncated>
		<difficult>0</difficult>
		<bndbox>
			<xmin>159</xmin>
			<ymin>133</ymin>
			<xmax>625</xmax>
			<ymax>663</ymax>
		</bndbox>
	</object>
</annotation>
