<annotation>
	<folder>Amanita muscaria</folder>
	<filename>AMus168.jpeg</filename>
	<path>C:\Users\drago\OneDrive\Documentos\proyecto\Red neuronal\Amanita muscaria\AMus168.jpeg</path>
	<source>
		<database>Unknown</database>
	</source>
	<size>
		<width>768</width>
		<height>1024</height>
		<depth>3</depth>
	</size>
	<segmented>0</segmented>
	<object>
		<name>Amanita-muscaria</name>
		<pose>Unspecified</pose>
		<truncated>0</truncated>
		<difficult>0</difficult>
		<bndbox>
			<xmin>233</xmin>
			<ymin>291</ymin>
			<xmax>703</xmax>
			<ymax>539</ymax>
		</bndbox>
	</object>
</annotation>
