<annotation>
	<folder>Amanita muscaria</folder>
	<filename>AMus155.jpg</filename>
	<path>C:\Users\drago\OneDrive\Documentos\proyecto\Red neuronal\Amanita muscaria\AMus155.jpg</path>
	<source>
		<database>Unknown</database>
	</source>
	<size>
		<width>1024</width>
		<height>768</height>
		<depth>3</depth>
	</size>
	<segmented>0</segmented>
	<object>
		<name>Amanita-muscaria</name>
		<pose>Unspecified</pose>
		<truncated>0</truncated>
		<difficult>0</difficult>
		<bndbox>
			<xmin>335</xmin>
			<ymin>178</ymin>
			<xmax>386</xmax>
			<ymax>213</ymax>
		</bndbox>
	</object>
	<object>
		<name>Amanita-muscaria</name>
		<pose>Unspecified</pose>
		<truncated>0</truncated>
		<difficult>0</difficult>
		<bndbox>
			<xmin>404</xmin>
			<ymin>243</ymin>
			<xmax>471</xmax>
			<ymax>277</ymax>
		</bndbox>
	</object>
	<object>
		<name>Amanita-muscaria</name>
		<pose>Unspecified</pose>
		<truncated>0</truncated>
		<difficult>0</difficult>
		<bndbox>
			<xmin>640</xmin>
			<ymin>305</ymin>
			<xmax>755</xmax>
			<ymax>412</ymax>
		</bndbox>
	</object>
	<object>
		<name>Amanita-muscaria</name>
		<pose>Unspecified</pose>
		<truncated>0</truncated>
		<difficult>0</difficult>
		<bndbox>
			<xmin>735</xmin>
			<ymin>412</ymin>
			<xmax>805</xmax>
			<ymax>504</ymax>
		</bndbox>
	</object>
	<object>
		<name>Amanita-muscaria</name>
		<pose>Unspecified</pose>
		<truncated>0</truncated>
		<difficult>0</difficult>
		<bndbox>
			<xmin>312</xmin>
			<ymin>382</ymin>
			<xmax>360</xmax>
			<ymax>441</ymax>
		</bndbox>
	</object>
	<object>
		<name>Amanita-muscaria</name>
		<pose>Unspecified</pose>
		<truncated>0</truncated>
		<difficult>0</difficult>
		<bndbox>
			<xmin>142</xmin>
			<ymin>435</ymin>
			<xmax>211</xmax>
			<ymax>495</ymax>
		</bndbox>
	</object>
	<object>
		<name>Amanita-muscaria</name>
		<pose>Unspecified</pose>
		<truncated>0</truncated>
		<difficult>0</difficult>
		<bndbox>
			<xmin>284</xmin>
			<ymin>445</ymin>
			<xmax>312</xmax>
			<ymax>482</ymax>
		</bndbox>
	</object>
	<object>
		<name>Amanita-muscaria</name>
		<pose>Unspecified</pose>
		<truncated>1</truncated>
		<difficult>0</difficult>
		<bndbox>
			<xmin>942</xmin>
			<ymin>590</ymin>
			<xmax>1024</xmax>
			<ymax>663</ymax>
		</bndbox>
	</object>
	<object>
		<name>Amanita-muscaria</name>
		<pose>Unspecified</pose>
		<truncated>0</truncated>
		<difficult>0</difficult>
		<bndbox>
			<xmin>786</xmin>
			<ymin>275</ymin>
			<xmax>821</xmax>
			<ymax>315</ymax>
		</bndbox>
	</object>
</annotation>
