<annotation>
	<folder>Amanita muscaria</folder>
	<filename>AMus187.jpg</filename>
	<path>C:\Users\drago\OneDrive\Documentos\proyecto\Red neuronal\Amanita muscaria\AMus187.jpg</path>
	<source>
		<database>Unknown</database>
	</source>
	<size>
		<width>569</width>
		<height>1024</height>
		<depth>3</depth>
	</size>
	<segmented>0</segmented>
	<object>
		<name>Amanita-muscaria</name>
		<pose>Unspecified</pose>
		<truncated>0</truncated>
		<difficult>0</difficult>
		<bndbox>
			<xmin>97</xmin>
			<ymin>66</ymin>
			<xmax>366</xmax>
			<ymax>541</ymax>
		</bndbox>
	</object>
</annotation>
