<annotation>
	<folder>Amanita muscaria</folder>
	<filename>AMus113.jpg</filename>
	<path>C:\Users\drago\OneDrive\Documentos\proyecto\Red neuronal\Amanita muscaria\AMus113.jpg</path>
	<source>
		<database>Unknown</database>
	</source>
	<size>
		<width>669</width>
		<height>1000</height>
		<depth>3</depth>
	</size>
	<segmented>0</segmented>
	<object>
		<name>Amanita-muscaria</name>
		<pose>Unspecified</pose>
		<truncated>0</truncated>
		<difficult>0</difficult>
		<bndbox>
			<xmin>129</xmin>
			<ymin>270</ymin>
			<xmax>527</xmax>
			<ymax>744</ymax>
		</bndbox>
	</object>
</annotation>
