<annotation>
	<folder>Amanita caesarea</folder>
	<filename>ACae141.jpeg</filename>
	<path>C:\Users\drago\OneDrive\Documentos\proyecto\Red neuronal\Amanita caesarea\ACae141.jpeg</path>
	<source>
		<database>Unknown</database>
	</source>
	<size>
		<width>1024</width>
		<height>768</height>
		<depth>3</depth>
	</size>
	<segmented>0</segmented>
	<object>
		<name>Amanita-caesarea</name>
		<pose>Unspecified</pose>
		<truncated>1</truncated>
		<difficult>0</difficult>
		<bndbox>
			<xmin>102</xmin>
			<ymin>80</ymin>
			<xmax>546</xmax>
			<ymax>768</ymax>
		</bndbox>
	</object>
	<object>
		<name>Amanita-caesarea</name>
		<pose>Unspecified</pose>
		<truncated>1</truncated>
		<difficult>0</difficult>
		<bndbox>
			<xmin>518</xmin>
			<ymin>134</ymin>
			<xmax>867</xmax>
			<ymax>768</ymax>
		</bndbox>
	</object>
</annotation>
