<annotation>
	<folder>Amanita caesarea</folder>
	<filename>ACae119.png</filename>
	<path>C:\Users\drago\OneDrive\Documentos\proyecto\Red neuronal\Amanita caesarea\ACae119.png</path>
	<source>
		<database>Unknown</database>
	</source>
	<size>
		<width>475</width>
		<height>336</height>
		<depth>3</depth>
	</size>
	<segmented>0</segmented>
	<object>
		<name>Amanita-caesarea</name>
		<pose>Unspecified</pose>
		<truncated>0</truncated>
		<difficult>0</difficult>
		<bndbox>
			<xmin>125</xmin>
			<ymin>90</ymin>
			<xmax>318</xmax>
			<ymax>158</ymax>
		</bndbox>
	</object>
</annotation>
