<annotation>
	<folder>Amanita caesarea</folder>
	<filename>ACae070.jpeg</filename>
	<path>C:\Users\drago\OneDrive\Documentos\proyecto\Red neuronal\Amanita caesarea\ACae070.jpeg</path>
	<source>
		<database>Unknown</database>
	</source>
	<size>
		<width>577</width>
		<height>1024</height>
		<depth>3</depth>
	</size>
	<segmented>0</segmented>
	<object>
		<name>Amanita-caesarea</name>
		<pose>Unspecified</pose>
		<truncated>0</truncated>
		<difficult>0</difficult>
		<bndbox>
			<xmin>82</xmin>
			<ymin>204</ymin>
			<xmax>439</xmax>
			<ymax>486</ymax>
		</bndbox>
	</object>
	<object>
		<name>Amanita-caesarea</name>
		<pose>Unspecified</pose>
		<truncated>0</truncated>
		<difficult>0</difficult>
		<bndbox>
			<xmin>104</xmin>
			<ymin>560</ymin>
			<xmax>307</xmax>
			<ymax>758</ymax>
		</bndbox>
	</object>
</annotation>
