<annotation>
	<folder>Amanita caesarea</folder>
	<filename>ACae164.jpeg</filename>
	<path>C:\Users\drago\OneDrive\Documentos\proyecto\Red neuronal\Amanita caesarea\ACae164.jpeg</path>
	<source>
		<database>Unknown</database>
	</source>
	<size>
		<width>1024</width>
		<height>576</height>
		<depth>3</depth>
	</size>
	<segmented>0</segmented>
	<object>
		<name>Amanita-caesarea</name>
		<pose>Unspecified</pose>
		<truncated>0</truncated>
		<difficult>0</difficult>
		<bndbox>
			<xmin>191</xmin>
			<ymin>144</ymin>
			<xmax>746</xmax>
			<ymax>413</ymax>
		</bndbox>
	</object>
</annotation>
