<annotation>
	<folder>Amanita caesarea</folder>
	<filename>ACae060.png</filename>
	<path>C:\Users\drago\OneDrive\Documentos\proyecto\Red neuronal\Amanita caesarea\ACae060.png</path>
	<source>
		<database>Unknown</database>
	</source>
	<size>
		<width>466</width>
		<height>584</height>
		<depth>3</depth>
	</size>
	<segmented>0</segmented>
	<object>
		<name>Amanita-caesarea</name>
		<pose>Unspecified</pose>
		<truncated>0</truncated>
		<difficult>0</difficult>
		<bndbox>
			<xmin>111</xmin>
			<ymin>59</ymin>
			<xmax>424</xmax>
			<ymax>218</ymax>
		</bndbox>
	</object>
</annotation>
