<annotation>
	<folder>Amanita caesarea</folder>
	<filename>ACae061.png</filename>
	<path>C:\Users\drago\OneDrive\Documentos\proyecto\Red neuronal\Amanita caesarea\ACae061.png</path>
	<source>
		<database>Unknown</database>
	</source>
	<size>
		<width>592</width>
		<height>439</height>
		<depth>3</depth>
	</size>
	<segmented>0</segmented>
	<object>
		<name>Amanita-caesarea</name>
		<pose>Unspecified</pose>
		<truncated>0</truncated>
		<difficult>0</difficult>
		<bndbox>
			<xmin>70</xmin>
			<ymin>49</ymin>
			<xmax>577</xmax>
			<ymax>219</ymax>
		</bndbox>
	</object>
</annotation>
