<annotation>
	<folder>Amanita caesarea</folder>
	<filename>ACae124.jpg</filename>
	<path>C:\Users\drago\OneDrive\Documentos\proyecto\Red neuronal\Amanita caesarea\ACae124.jpg</path>
	<source>
		<database>Unknown</database>
	</source>
	<size>
		<width>1000</width>
		<height>666</height>
		<depth>3</depth>
	</size>
	<segmented>0</segmented>
	<object>
		<name>Amanita-caesarea</name>
		<pose>Unspecified</pose>
		<truncated>0</truncated>
		<difficult>0</difficult>
		<bndbox>
			<xmin>652</xmin>
			<ymin>271</ymin>
			<xmax>973</xmax>
			<ymax>531</ymax>
		</bndbox>
	</object>
	<object>
		<name>Amanita-caesarea</name>
		<pose>Unspecified</pose>
		<truncated>0</truncated>
		<difficult>0</difficult>
		<bndbox>
			<xmin>491</xmin>
			<ymin>409</ymin>
			<xmax>705</xmax>
			<ymax>640</ymax>
		</bndbox>
	</object>
	<object>
		<name>Amanita-caesarea</name>
		<pose>Unspecified</pose>
		<truncated>0</truncated>
		<difficult>0</difficult>
		<bndbox>
			<xmin>599</xmin>
			<ymin>33</ymin>
			<xmax>916</xmax>
			<ymax>201</ymax>
		</bndbox>
	</object>
	<object>
		<name>Amanita-caesarea</name>
		<pose>Unspecified</pose>
		<truncated>0</truncated>
		<difficult>0</difficult>
		<bndbox>
			<xmin>433</xmin>
			<ymin>221</ymin>
			<xmax>642</xmax>
			<ymax>405</ymax>
		</bndbox>
	</object>
	<object>
		<name>Amanita-caesarea</name>
		<pose>Unspecified</pose>
		<truncated>0</truncated>
		<difficult>0</difficult>
		<bndbox>
			<xmin>199</xmin>
			<ymin>263</ymin>
			<xmax>496</xmax>
			<ymax>529</ymax>
		</bndbox>
	</object>
	<object>
		<name>Amanita-caesarea</name>
		<pose>Unspecified</pose>
		<truncated>0</truncated>
		<difficult>0</difficult>
		<bndbox>
			<xmin>185</xmin>
			<ymin>447</ymin>
			<xmax>314</xmax>
			<ymax>568</ymax>
		</bndbox>
	</object>
	<object>
		<name>Amanita-caesarea</name>
		<pose>Unspecified</pose>
		<truncated>0</truncated>
		<difficult>0</difficult>
		<bndbox>
			<xmin>166</xmin>
			<ymin>8</ymin>
			<xmax>445</xmax>
			<ymax>220</ymax>
		</bndbox>
	</object>
	<object>
		<name>Amanita-caesarea</name>
		<pose>Unspecified</pose>
		<truncated>0</truncated>
		<difficult>0</difficult>
		<bndbox>
			<xmin>42</xmin>
			<ymin>155</ymin>
			<xmax>281</xmax>
			<ymax>381</ymax>
		</bndbox>
	</object>
</annotation>
