<annotation>
	<folder>Amanita caesarea</folder>
	<filename>ACae102.jpeg</filename>
	<path>C:\Users\drago\OneDrive\Documentos\proyecto\Red neuronal\Amanita caesarea\ACae102.jpeg</path>
	<source>
		<database>Unknown</database>
	</source>
	<size>
		<width>461</width>
		<height>1024</height>
		<depth>3</depth>
	</size>
	<segmented>0</segmented>
	<object>
		<name>Amanita-caesarea</name>
		<pose>Unspecified</pose>
		<truncated>0</truncated>
		<difficult>0</difficult>
		<bndbox>
			<xmin>17</xmin>
			<ymin>261</ymin>
			<xmax>378</xmax>
			<ymax>490</ymax>
		</bndbox>
	</object>
</annotation>
