<annotation>
	<folder>Amanita caesarea</folder>
	<filename>ACae072.jpeg</filename>
	<path>C:\Users\drago\OneDrive\Documentos\proyecto\Red neuronal\Amanita caesarea\ACae072.jpeg</path>
	<source>
		<database>Unknown</database>
	</source>
	<size>
		<width>1014</width>
		<height>1024</height>
		<depth>3</depth>
	</size>
	<segmented>0</segmented>
	<object>
		<name>Amanita-caesarea</name>
		<pose>Unspecified</pose>
		<truncated>0</truncated>
		<difficult>0</difficult>
		<bndbox>
			<xmin>208</xmin>
			<ymin>106</ymin>
			<xmax>828</xmax>
			<ymax>532</ymax>
		</bndbox>
	</object>
</annotation>
