<annotation>
	<folder>Amanita caesarea</folder>
	<filename>ACae066.jpg</filename>
	<path>C:\Users\drago\OneDrive\Documentos\proyecto\Red neuronal\Amanita caesarea\ACae066.jpg</path>
	<source>
		<database>Unknown</database>
	</source>
	<size>
		<width>1024</width>
		<height>768</height>
		<depth>3</depth>
	</size>
	<segmented>0</segmented>
	<object>
		<name>Amanita-caesarea</name>
		<pose>Unspecified</pose>
		<truncated>0</truncated>
		<difficult>0</difficult>
		<bndbox>
			<xmin>408</xmin>
			<ymin>77</ymin>
			<xmax>840</xmax>
			<ymax>612</ymax>
		</bndbox>
	</object>
	<object>
		<name>Amanita-caesarea</name>
		<pose>Unspecified</pose>
		<truncated>0</truncated>
		<difficult>0</difficult>
		<bndbox>
			<xmin>200</xmin>
			<ymin>63</ymin>
			<xmax>516</xmax>
			<ymax>559</ymax>
		</bndbox>
	</object>
</annotation>
