<annotation>
	<folder>Chlorophyllum Molibdites</folder>
	<filename>CM10.jpeg</filename>
	<path>C:\Users\perla\Desktop\HONGOS\Chlorophyllum Molibdites\CM10.jpeg</path>
	<source>
		<database>Unknown</database>
	</source>
	<size>
		<width>1152</width>
		<height>2048</height>
		<depth>3</depth>
	</size>
	<segmented>0</segmented>
	<object>
		<name>Chlorophyllum Molibdites</name>
		<pose>Unspecified</pose>
		<truncated>1</truncated>
		<difficult>0</difficult>
		<bndbox>
			<xmin>11</xmin>
			<ymin>110</ymin>
			<xmax>1152</xmax>
			<ymax>1251</ymax>
		</bndbox>
	</object>
</annotation>
