<annotation>
	<folder>Chlorophyllum Molibdites</folder>
	<filename>CM100.jpg</filename>
	<path>C:\Users\perla\Desktop\HONGOS\Chlorophyllum Molibdites\CM100.jpg</path>
	<source>
		<database>Unknown</database>
	</source>
	<size>
		<width>874</width>
		<height>1624</height>
		<depth>3</depth>
	</size>
	<segmented>0</segmented>
	<object>
		<name>Chlorophyllum Molibdites</name>
		<pose>Unspecified</pose>
		<truncated>0</truncated>
		<difficult>0</difficult>
		<bndbox>
			<xmin>145</xmin>
			<ymin>119</ymin>
			<xmax>328</xmax>
			<ymax>424</ymax>
		</bndbox>
	</object>
	<object>
		<name>Chlorophyllum Molibdites</name>
		<pose>Unspecified</pose>
		<truncated>0</truncated>
		<difficult>0</difficult>
		<bndbox>
			<xmin>613</xmin>
			<ymin>244</ymin>
			<xmax>820</xmax>
			<ymax>654</ymax>
		</bndbox>
	</object>
	<object>
		<name>Chlorophyllum Molibdites</name>
		<pose>Unspecified</pose>
		<truncated>0</truncated>
		<difficult>0</difficult>
		<bndbox>
			<xmin>130</xmin>
			<ymin>486</ymin>
			<xmax>410</xmax>
			<ymax>1009</ymax>
		</bndbox>
	</object>
	<object>
		<name>Chlorophyllum Molibdites</name>
		<pose>Unspecified</pose>
		<truncated>0</truncated>
		<difficult>0</difficult>
		<bndbox>
			<xmin>321</xmin>
			<ymin>407</ymin>
			<xmax>586</xmax>
			<ymax>937</ymax>
		</bndbox>
	</object>
</annotation>
