<annotation>
	<folder>Chlorophyllum Molibdites</folder>
	<filename>CM103.jpeg</filename>
	<path>C:\Users\perla\Desktop\HONGOS\Chlorophyllum Molibdites\CM103.jpeg</path>
	<source>
		<database>Unknown</database>
	</source>
	<size>
		<width>1280</width>
		<height>960</height>
		<depth>3</depth>
	</size>
	<segmented>0</segmented>
	<object>
		<name>Chlorophyllum Molibdites</name>
		<pose>Unspecified</pose>
		<truncated>0</truncated>
		<difficult>0</difficult>
		<bndbox>
			<xmin>505</xmin>
			<ymin>73</ymin>
			<xmax>1061</xmax>
			<ymax>523</ymax>
		</bndbox>
	</object>
</annotation>
