<annotation>
	<folder>Chlorophyllum Molibdites</folder>
	<filename>CM107.jpeg</filename>
	<path>C:\Users\perla\Desktop\HONGOS\Chlorophyllum Molibdites\CM107.jpeg</path>
	<source>
		<database>Unknown</database>
	</source>
	<size>
		<width>2048</width>
		<height>1536</height>
		<depth>3</depth>
	</size>
	<segmented>0</segmented>
	<object>
		<name>Chlorophyllum Molibdites</name>
		<pose>Unspecified</pose>
		<truncated>0</truncated>
		<difficult>0</difficult>
		<bndbox>
			<xmin>620</xmin>
			<ymin>18</ymin>
			<xmax>990</xmax>
			<ymax>414</ymax>
		</bndbox>
	</object>
	<object>
		<name>Chlorophyllum Molibdites</name>
		<pose>Unspecified</pose>
		<truncated>0</truncated>
		<difficult>0</difficult>
		<bndbox>
			<xmin>936</xmin>
			<ymin>793</ymin>
			<xmax>1569</xmax>
			<ymax>1321</ymax>
		</bndbox>
	</object>
</annotation>
