<annotation>
	<folder>Chlorophyllum Molibdites</folder>
	<filename>CM115.jpeg</filename>
	<path>C:\Users\perla\Desktop\HONGOS\Chlorophyllum Molibdites\CM115.jpeg</path>
	<source>
		<database>Unknown</database>
	</source>
	<size>
		<width>1536</width>
		<height>2048</height>
		<depth>3</depth>
	</size>
	<segmented>0</segmented>
	<object>
		<name>Chlorophyllum Molibdites</name>
		<pose>Unspecified</pose>
		<truncated>0</truncated>
		<difficult>0</difficult>
		<bndbox>
			<xmin>223</xmin>
			<ymin>236</ymin>
			<xmax>1236</xmax>
			<ymax>1024</ymax>
		</bndbox>
	</object>
	<object>
		<name>Chlorophyllum Molibdites</name>
		<pose>Unspecified</pose>
		<truncated>1</truncated>
		<difficult>0</difficult>
		<bndbox>
			<xmin>1</xmin>
			<ymin>183</ymin>
			<xmax>372</xmax>
			<ymax>864</ymax>
		</bndbox>
	</object>
</annotation>
