<annotation>
	<folder>Chlorophyllum Molibdites</folder>
	<filename>CM125.jpg</filename>
	<path>C:\Users\drago\OneDrive\Documentos\proyecto\Red neuronal\Chlorophyllum Molibdites\CM125.jpg</path>
	<source>
		<database>Unknown</database>
	</source>
	<size>
		<width>812</width>
		<height>1024</height>
		<depth>3</depth>
	</size>
	<segmented>0</segmented>
	<object>
		<name>Chlorophyllum-molibdites</name>
		<pose>Unspecified</pose>
		<truncated>0</truncated>
		<difficult>0</difficult>
		<bndbox>
			<xmin>183</xmin>
			<ymin>130</ymin>
			<xmax>646</xmax>
			<ymax>538</ymax>
		</bndbox>
	</object>
</annotation>
