<annotation>
	<folder>Chlorophyllum Molibdites</folder>
	<filename>CM127.jpg</filename>
	<path>C:\Users\drago\OneDrive\Documentos\proyecto\Red neuronal\Chlorophyllum Molibdites\CM127.jpg</path>
	<source>
		<database>Unknown</database>
	</source>
	<size>
		<width>727</width>
		<height>1024</height>
		<depth>3</depth>
	</size>
	<segmented>0</segmented>
	<object>
		<name>Chlorophyllum-molibdites</name>
		<pose>Unspecified</pose>
		<truncated>0</truncated>
		<difficult>0</difficult>
		<bndbox>
			<xmin>179</xmin>
			<ymin>96</ymin>
			<xmax>554</xmax>
			<ymax>413</ymax>
		</bndbox>
	</object>
</annotation>
