<annotation>
	<folder>Chlorophyllum Molibdites</folder>
	<filename>CM139.jpeg</filename>
	<path>C:\Users\drago\OneDrive\Documentos\proyecto\Red neuronal\Chlorophyllum Molibdites\CM139.jpeg</path>
	<source>
		<database>Unknown</database>
	</source>
	<size>
		<width>768</width>
		<height>1024</height>
		<depth>3</depth>
	</size>
	<segmented>0</segmented>
	<object>
		<name>Chlorophyllum-molibdites</name>
		<pose>Unspecified</pose>
		<truncated>0</truncated>
		<difficult>0</difficult>
		<bndbox>
			<xmin>236</xmin>
			<ymin>294</ymin>
			<xmax>464</xmax>
			<ymax>502</ymax>
		</bndbox>
	</object>
	<object>
		<name>Chlorophyllum-molibdites</name>
		<pose>Unspecified</pose>
		<truncated>0</truncated>
		<difficult>0</difficult>
		<bndbox>
			<xmin>417</xmin>
			<ymin>378</ymin>
			<xmax>666</xmax>
			<ymax>630</ymax>
		</bndbox>
	</object>
</annotation>
