<annotation>
	<folder>Chlorophyllum Molibdites</folder>
	<filename>CM16.jpeg</filename>
	<path>C:\Users\perla\Desktop\HONGOS\Chlorophyllum Molibdites\CM16.jpeg</path>
	<source>
		<database>Unknown</database>
	</source>
	<size>
		<width>995</width>
		<height>2048</height>
		<depth>3</depth>
	</size>
	<segmented>0</segmented>
	<object>
		<name>Chlorophyllum Molibdites</name>
		<pose>Unspecified</pose>
		<truncated>0</truncated>
		<difficult>0</difficult>
		<bndbox>
			<xmin>11</xmin>
			<ymin>267</ymin>
			<xmax>974</xmax>
			<ymax>1230</ymax>
		</bndbox>
	</object>
</annotation>
