<annotation>
	<folder>Chlorophyllum Molibdites</folder>
	<filename>CM171.jpg</filename>
	<path>C:\Users\drago\OneDrive\Documentos\proyecto\Red neuronal\Chlorophyllum Molibdites\CM171.jpg</path>
	<source>
		<database>Unknown</database>
	</source>
	<size>
		<width>768</width>
		<height>1024</height>
		<depth>3</depth>
	</size>
	<segmented>0</segmented>
	<object>
		<name>Chlorophyllum-molibdites</name>
		<pose>Unspecified</pose>
		<truncated>0</truncated>
		<difficult>0</difficult>
		<bndbox>
			<xmin>360</xmin>
			<ymin>285</ymin>
			<xmax>564</xmax>
			<ymax>514</ymax>
		</bndbox>
	</object>
	<object>
		<name>Chlorophyllum-molibdites</name>
		<pose>Unspecified</pose>
		<truncated>0</truncated>
		<difficult>0</difficult>
		<bndbox>
			<xmin>161</xmin>
			<ymin>342</ymin>
			<xmax>371</xmax>
			<ymax>547</ymax>
		</bndbox>
	</object>
</annotation>
