<annotation>
	<folder>Chlorophyllum Molibdites</folder>
	<filename>CM180.jpeg</filename>
	<path>C:\Users\drago\OneDrive\Documentos\proyecto\Red neuronal\Chlorophyllum Molibdites\CM180.jpeg</path>
	<source>
		<database>Unknown</database>
	</source>
	<size>
		<width>761</width>
		<height>1024</height>
		<depth>3</depth>
	</size>
	<segmented>0</segmented>
	<object>
		<name>Chlorophyllum-molibdites</name>
		<pose>Unspecified</pose>
		<truncated>0</truncated>
		<difficult>0</difficult>
		<bndbox>
			<xmin>338</xmin>
			<ymin>478</ymin>
			<xmax>529</xmax>
			<ymax>671</ymax>
		</bndbox>
	</object>
	<object>
		<name>Chlorophyllum-molibdites</name>
		<pose>Unspecified</pose>
		<truncated>0</truncated>
		<difficult>0</difficult>
		<bndbox>
			<xmin>473</xmin>
			<ymin>246</ymin>
			<xmax>674</xmax>
			<ymax>436</ymax>
		</bndbox>
	</object>
	<object>
		<name>Chlorophyllum-molibdites</name>
		<pose>Unspecified</pose>
		<truncated>0</truncated>
		<difficult>0</difficult>
		<bndbox>
			<xmin>87</xmin>
			<ymin>308</ymin>
			<xmax>318</xmax>
			<ymax>539</ymax>
		</bndbox>
	</object>
</annotation>
