<annotation>
	<folder>Chlorophyllum Molibdites</folder>
	<filename>CM199.jpg</filename>
	<path>C:\Users\drago\OneDrive\Documentos\proyecto\Red neuronal\Chlorophyllum Molibdites\CM199.jpg</path>
	<source>
		<database>Unknown</database>
	</source>
	<size>
		<width>768</width>
		<height>1024</height>
		<depth>3</depth>
	</size>
	<segmented>0</segmented>
	<object>
		<name>Chlorophyllum-molibdites</name>
		<pose>Unspecified</pose>
		<truncated>0</truncated>
		<difficult>0</difficult>
		<bndbox>
			<xmin>525</xmin>
			<ymin>416</ymin>
			<xmax>731</xmax>
			<ymax>657</ymax>
		</bndbox>
	</object>
	<object>
		<name>Chlorophyllum-molibdites</name>
		<pose>Unspecified</pose>
		<truncated>0</truncated>
		<difficult>0</difficult>
		<bndbox>
			<xmin>292</xmin>
			<ymin>253</ymin>
			<xmax>552</xmax>
			<ymax>528</ymax>
		</bndbox>
	</object>
	<object>
		<name>Chlorophyllum-molibdites</name>
		<pose>Unspecified</pose>
		<truncated>0</truncated>
		<difficult>0</difficult>
		<bndbox>
			<xmin>110</xmin>
			<ymin>330</ymin>
			<xmax>303</xmax>
			<ymax>539</ymax>
		</bndbox>
	</object>
</annotation>
