<annotation>
	<folder>Chlorophyllum Molibdites</folder>
	<filename>CM19.jpg</filename>
	<path>C:\Users\perla\Desktop\HONGOS\Chlorophyllum Molibdites\CM19.jpg</path>
	<source>
		<database>Unknown</database>
	</source>
	<size>
		<width>2048</width>
		<height>1536</height>
		<depth>3</depth>
	</size>
	<segmented>0</segmented>
	<object>
		<name>Chlorophyllum Molibdites</name>
		<pose>Unspecified</pose>
		<truncated>0</truncated>
		<difficult>0</difficult>
		<bndbox>
			<xmin>146</xmin>
			<ymin>638</ymin>
			<xmax>999</xmax>
			<ymax>1491</ymax>
		</bndbox>
	</object>
	<object>
		<name>Chlorophyllum Molibdites</name>
		<pose>Unspecified</pose>
		<truncated>0</truncated>
		<difficult>0</difficult>
		<bndbox>
			<xmin>641</xmin>
			<ymin>433</ymin>
			<xmax>850</xmax>
			<ymax>642</ymax>
		</bndbox>
	</object>
</annotation>
