<annotation>
	<folder>Chlorophyllum Molibdites</folder>
	<filename>CM36.jpg</filename>
	<path>C:\Users\perla\Desktop\HONGOS\Chlorophyllum Molibdites\CM36.jpg</path>
	<source>
		<database>Unknown</database>
	</source>
	<size>
		<width>1057</width>
		<height>929</height>
		<depth>3</depth>
	</size>
	<segmented>0</segmented>
	<object>
		<name>Chlorophyllum Molibdites</name>
		<pose>Unspecified</pose>
		<truncated>0</truncated>
		<difficult>0</difficult>
		<bndbox>
			<xmin>275</xmin>
			<ymin>232</ymin>
			<xmax>673</xmax>
			<ymax>644</ymax>
		</bndbox>
	</object>
	<object>
		<name>Chlorophyllum Molibdites</name>
		<pose>Unspecified</pose>
		<truncated>0</truncated>
		<difficult>0</difficult>
		<bndbox>
			<xmin>753</xmin>
			<ymin>119</ymin>
			<xmax>915</xmax>
			<ymax>253</ymax>
		</bndbox>
	</object>
	<object>
		<name>Chlorophyllum Molibdites</name>
		<pose>Unspecified</pose>
		<truncated>0</truncated>
		<difficult>0</difficult>
		<bndbox>
			<xmin>805</xmin>
			<ymin>254</ymin>
			<xmax>1037</xmax>
			<ymax>530</ymax>
		</bndbox>
	</object>
</annotation>
