<annotation>
	<folder>Chlorophyllum Molibdites</folder>
	<filename>CM61.jpeg</filename>
	<path>C:\Users\perla\Desktop\HONGOS\Chlorophyllum Molibdites\CM61.jpeg</path>
	<source>
		<database>Unknown</database>
	</source>
	<size>
		<width>2048</width>
		<height>1536</height>
		<depth>3</depth>
	</size>
	<segmented>0</segmented>
	<object>
		<name>Chlorophyllum Molibdites</name>
		<pose>Unspecified</pose>
		<truncated>0</truncated>
		<difficult>0</difficult>
		<bndbox>
			<xmin>183</xmin>
			<ymin>463</ymin>
			<xmax>653</xmax>
			<ymax>921</ymax>
		</bndbox>
	</object>
	<object>
		<name>Chlorophyllum Molibdites</name>
		<pose>Unspecified</pose>
		<truncated>0</truncated>
		<difficult>0</difficult>
		<bndbox>
			<xmin>1043</xmin>
			<ymin>107</ymin>
			<xmax>1953</xmax>
			<ymax>1000</ymax>
		</bndbox>
	</object>
</annotation>
