<annotation>
	<folder>Chlorophyllum Molibdites</folder>
	<filename>CM68.jpeg</filename>
	<path>C:\Users\perla\Desktop\HONGOS\Chlorophyllum Molibdites\CM68.jpeg</path>
	<source>
		<database>Unknown</database>
	</source>
	<size>
		<width>2048</width>
		<height>1534</height>
		<depth>3</depth>
	</size>
	<segmented>0</segmented>
	<object>
		<name>Chlorophyllum Molibdites</name>
		<pose>Unspecified</pose>
		<truncated>0</truncated>
		<difficult>0</difficult>
		<bndbox>
			<xmin>48</xmin>
			<ymin>653</ymin>
			<xmax>769</xmax>
			<ymax>1234</ymax>
		</bndbox>
	</object>
	<object>
		<name>Chlorophyllum Molibdites</name>
		<pose>Unspecified</pose>
		<truncated>0</truncated>
		<difficult>0</difficult>
		<bndbox>
			<xmin>1288</xmin>
			<ymin>613</ymin>
			<xmax>1978</xmax>
			<ymax>1157</ymax>
		</bndbox>
	</object>
</annotation>
