<annotation>
	<folder>Chlorophyllum Molibdites</folder>
	<filename>CM9.jpg</filename>
	<path>C:\Users\perla\Desktop\HONGOS\Chlorophyllum Molibdites\CM9.jpg</path>
	<source>
		<database>Unknown</database>
	</source>
	<size>
		<width>2039</width>
		<height>2048</height>
		<depth>3</depth>
	</size>
	<segmented>0</segmented>
	<object>
		<name>Chlorophyllum Molibdites</name>
		<pose>Unspecified</pose>
		<truncated>0</truncated>
		<difficult>0</difficult>
		<bndbox>
			<xmin>117</xmin>
			<ymin>119</ymin>
			<xmax>1777</xmax>
			<ymax>1779</ymax>
		</bndbox>
	</object>
</annotation>
