<annotation>
	<folder>Chlorophyllum Molibdites</folder>
	<filename>CM90.jpg</filename>
	<path>C:\Users\perla\Desktop\HONGOS\Chlorophyllum Molibdites\CM90.jpg</path>
	<source>
		<database>Unknown</database>
	</source>
	<size>
		<width>1536</width>
		<height>2048</height>
		<depth>3</depth>
	</size>
	<segmented>0</segmented>
	<object>
		<name>Chlorophyllum Molibdites</name>
		<pose>Unspecified</pose>
		<truncated>0</truncated>
		<difficult>0</difficult>
		<bndbox>
			<xmin>243</xmin>
			<ymin>280</ymin>
			<xmax>1056</xmax>
			<ymax>1252</ymax>
		</bndbox>
	</object>
</annotation>
