<annotation>
	<folder>Chlorophyllum Molibdites</folder>
	<filename>CM94.jpeg</filename>
	<path>C:\Users\perla\Desktop\HONGOS\Chlorophyllum Molibdites\CM94.jpeg</path>
	<source>
		<database>Unknown</database>
	</source>
	<size>
		<width>1295</width>
		<height>863</height>
		<depth>3</depth>
	</size>
	<segmented>0</segmented>
	<object>
		<name>Chlorophyllum Molibdites</name>
		<pose>Unspecified</pose>
		<truncated>0</truncated>
		<difficult>0</difficult>
		<bndbox>
			<xmin>224</xmin>
			<ymin>120</ymin>
			<xmax>1107</xmax>
			<ymax>616</ymax>
		</bndbox>
	</object>
</annotation>
