<annotation>
	<folder>Agaricus campestris</folder>
	<filename>AC005.jpeg</filename>
	<path>C:\Users\drago\OneDrive\Documentos\proyecto\Red neuronal\Agaricus campestris\AC005.jpeg</path>
	<source>
		<database>Unknown</database>
	</source>
	<size>
		<width>578</width>
		<height>1024</height>
		<depth>3</depth>
	</size>
	<segmented>0</segmented>
	<object>
		<name>agaricus-campestris</name>
		<pose>Unspecified</pose>
		<truncated>0</truncated>
		<difficult>0</difficult>
		<bndbox>
			<xmin>159</xmin>
			<ymin>529</ymin>
			<xmax>327</xmax>
			<ymax>697</ymax>
		</bndbox>
	</object>
</annotation>
