<annotation>
	<folder>Agaricus campestris</folder>
	<filename>AC024.png</filename>
	<path>C:\Users\drago\OneDrive\Documentos\proyecto\Red neuronal\Agaricus campestris\AC024.png</path>
	<source>
		<database>Unknown</database>
	</source>
	<size>
		<width>938</width>
		<height>619</height>
		<depth>3</depth>
	</size>
	<segmented>0</segmented>
	<object>
		<name>agaricus-campestris</name>
		<pose>Unspecified</pose>
		<truncated>0</truncated>
		<difficult>0</difficult>
		<bndbox>
			<xmin>331</xmin>
			<ymin>232</ymin>
			<xmax>648</xmax>
			<ymax>513</ymax>
		</bndbox>
	</object>
</annotation>
