<annotation>
	<folder>Agaricus campestris</folder>
	<filename>AC046.jpg</filename>
	<path>C:\Users\drago\OneDrive\Documentos\proyecto\Red neuronal\Agaricus campestris\AC046.jpg</path>
	<source>
		<database>Unknown</database>
	</source>
	<size>
		<width>942</width>
		<height>1024</height>
		<depth>3</depth>
	</size>
	<segmented>0</segmented>
	<object>
		<name>agaricus-campestris</name>
		<pose>Unspecified</pose>
		<truncated>0</truncated>
		<difficult>0</difficult>
		<bndbox>
			<xmin>167</xmin>
			<ymin>238</ymin>
			<xmax>762</xmax>
			<ymax>833</ymax>
		</bndbox>
	</object>
</annotation>
