<annotation>
	<folder>Agaricus campestris</folder>
	<filename>AC070.jpeg</filename>
	<path>C:\Users\drago\OneDrive\Documentos\proyecto\Red neuronal\Agaricus campestris\AC070.jpeg</path>
	<source>
		<database>Unknown</database>
	</source>
	<size>
		<width>1024</width>
		<height>768</height>
		<depth>3</depth>
	</size>
	<segmented>0</segmented>
	<object>
		<name>agaricus-campestris</name>
		<pose>Unspecified</pose>
		<truncated>0</truncated>
		<difficult>0</difficult>
		<bndbox>
			<xmin>2</xmin>
			<ymin>256</ymin>
			<xmax>307</xmax>
			<ymax>545</ymax>
		</bndbox>
	</object>
	<object>
		<name>agaricus-campestris</name>
		<pose>Unspecified</pose>
		<truncated>0</truncated>
		<difficult>0</difficult>
		<bndbox>
			<xmin>313</xmin>
			<ymin>354</ymin>
			<xmax>586</xmax>
			<ymax>612</ymax>
		</bndbox>
	</object>
	<object>
		<name>agaricus-campestris</name>
		<pose>Unspecified</pose>
		<truncated>0</truncated>
		<difficult>0</difficult>
		<bndbox>
			<xmin>325</xmin>
			<ymin>76</ymin>
			<xmax>584</xmax>
			<ymax>331</ymax>
		</bndbox>
	</object>
	<object>
		<name>agaricus-campestris</name>
		<pose>Unspecified</pose>
		<truncated>0</truncated>
		<difficult>0</difficult>
		<bndbox>
			<xmin>551</xmin>
			<ymin>206</ymin>
			<xmax>746</xmax>
			<ymax>399</ymax>
		</bndbox>
	</object>
	<object>
		<name>agaricus-campestris</name>
		<pose>Unspecified</pose>
		<truncated>0</truncated>
		<difficult>0</difficult>
		<bndbox>
			<xmin>761</xmin>
			<ymin>225</ymin>
			<xmax>1001</xmax>
			<ymax>438</ymax>
		</bndbox>
	</object>
	<object>
		<name>agaricus-campestris</name>
		<pose>Unspecified</pose>
		<truncated>0</truncated>
		<difficult>0</difficult>
		<bndbox>
			<xmin>570</xmin>
			<ymin>448</ymin>
			<xmax>733</xmax>
			<ymax>652</ymax>
		</bndbox>
	</object>
	<object>
		<name>agaricus-campestris</name>
		<pose>Unspecified</pose>
		<truncated>0</truncated>
		<difficult>0</difficult>
		<bndbox>
			<xmin>750</xmin>
			<ymin>441</ymin>
			<xmax>981</xmax>
			<ymax>590</ymax>
		</bndbox>
	</object>
</annotation>
