<annotation>
	<folder>Agaricus campestris</folder>
	<filename>AC087.jpeg</filename>
	<path>C:\Users\drago\OneDrive\Documentos\proyecto\Red neuronal\Agaricus campestris\AC087.jpeg</path>
	<source>
		<database>Unknown</database>
	</source>
	<size>
		<width>576</width>
		<height>1024</height>
		<depth>3</depth>
	</size>
	<segmented>0</segmented>
	<object>
		<name>agaricus-campestris</name>
		<pose>Unspecified</pose>
		<truncated>1</truncated>
		<difficult>0</difficult>
		<bndbox>
			<xmin>112</xmin>
			<ymin>37</ymin>
			<xmax>576</xmax>
			<ymax>600</ymax>
		</bndbox>
	</object>
</annotation>
