<annotation>
	<folder>Agaricus campestris</folder>
	<filename>AC113.jpg</filename>
	<path>C:\Users\drago\OneDrive\Documentos\proyecto\Red neuronal\Agaricus campestris\AC113.jpg</path>
	<source>
		<database>Unknown</database>
	</source>
	<size>
		<width>1024</width>
		<height>1024</height>
		<depth>3</depth>
	</size>
	<segmented>0</segmented>
	<object>
		<name>agaricus-campestris</name>
		<pose>Unspecified</pose>
		<truncated>0</truncated>
		<difficult>0</difficult>
		<bndbox>
			<xmin>330</xmin>
			<ymin>146</ymin>
			<xmax>673</xmax>
			<ymax>840</ymax>
		</bndbox>
	</object>
</annotation>
