<annotation>
	<folder>Agaricus campestris</folder>
	<filename>AC120.jpeg</filename>
	<path>C:\Users\drago\OneDrive\Documentos\proyecto\Red neuronal\Agaricus campestris\AC120.jpeg</path>
	<source>
		<database>Unknown</database>
	</source>
	<size>
		<width>472</width>
		<height>1024</height>
		<depth>3</depth>
	</size>
	<segmented>0</segmented>
	<object>
		<name>agaricus-campestris</name>
		<pose>Unspecified</pose>
		<truncated>0</truncated>
		<difficult>0</difficult>
		<bndbox>
			<xmin>89</xmin>
			<ymin>315</ymin>
			<xmax>330</xmax>
			<ymax>640</ymax>
		</bndbox>
	</object>
	<object>
		<name>agaricus-campestris</name>
		<pose>Unspecified</pose>
		<truncated>1</truncated>
		<difficult>0</difficult>
		<bndbox>
			<xmin>134</xmin>
			<ymin>769</ymin>
			<xmax>437</xmax>
			<ymax>1024</ymax>
		</bndbox>
	</object>
</annotation>
