<annotation>
	<folder>Agaricus campestris</folder>
	<filename>AC162.jpg</filename>
	<path>C:\Users\drago\OneDrive\Documentos\proyecto\Red neuronal\Agaricus campestris\AC162.jpg</path>
	<source>
		<database>Unknown</database>
	</source>
	<size>
		<width>576</width>
		<height>1024</height>
		<depth>3</depth>
	</size>
	<segmented>0</segmented>
	<object>
		<name>agaricus-campestris</name>
		<pose>Unspecified</pose>
		<truncated>0</truncated>
		<difficult>0</difficult>
		<bndbox>
			<xmin>209</xmin>
			<ymin>213</ymin>
			<xmax>496</xmax>
			<ymax>417</ymax>
		</bndbox>
	</object>
	<object>
		<name>agaricus-campestris</name>
		<pose>Unspecified</pose>
		<truncated>0</truncated>
		<difficult>0</difficult>
		<bndbox>
			<xmin>275</xmin>
			<ymin>412</ymin>
			<xmax>504</xmax>
			<ymax>587</ymax>
		</bndbox>
	</object>
	<object>
		<name>agaricus-campestris</name>
		<pose>Unspecified</pose>
		<truncated>0</truncated>
		<difficult>0</difficult>
		<bndbox>
			<xmin>35</xmin>
			<ymin>312</ymin>
			<xmax>282</xmax>
			<ymax>529</ymax>
		</bndbox>
	</object>
</annotation>
