<annotation>
	<folder>Agaricus campestris</folder>
	<filename>AC160.jpeg</filename>
	<path>C:\Users\drago\OneDrive\Documentos\proyecto\Red neuronal\Agaricus campestris\AC160.jpeg</path>
	<source>
		<database>Unknown</database>
	</source>
	<size>
		<width>769</width>
		<height>1024</height>
		<depth>3</depth>
	</size>
	<segmented>0</segmented>
	<object>
		<name>agaricus-campestris</name>
		<pose>Unspecified</pose>
		<truncated>0</truncated>
		<difficult>0</difficult>
		<bndbox>
			<xmin>217</xmin>
			<ymin>372</ymin>
			<xmax>617</xmax>
			<ymax>649</ymax>
		</bndbox>
	</object>
</annotation>
