<annotation>
	<folder>Agaricus campestris</folder>
	<filename>AC198.jpeg</filename>
	<path>C:\Users\drago\OneDrive\Documentos\proyecto\Red neuronal\Agaricus campestris\AC198.jpeg</path>
	<source>
		<database>Unknown</database>
	</source>
	<size>
		<width>875</width>
		<height>1024</height>
		<depth>3</depth>
	</size>
	<segmented>0</segmented>
	<object>
		<name>agaricus-campestris</name>
		<pose>Unspecified</pose>
		<truncated>0</truncated>
		<difficult>0</difficult>
		<bndbox>
			<xmin>411</xmin>
			<ymin>372</ymin>
			<xmax>741</xmax>
			<ymax>638</ymax>
		</bndbox>
	</object>
	<object>
		<name>agaricus-campestris</name>
		<pose>Unspecified</pose>
		<truncated>0</truncated>
		<difficult>0</difficult>
		<bndbox>
			<xmin>407</xmin>
			<ymin>155</ymin>
			<xmax>741</xmax>
			<ymax>410</ymax>
		</bndbox>
	</object>
	<object>
		<name>agaricus-campestris</name>
		<pose>Unspecified</pose>
		<truncated>0</truncated>
		<difficult>0</difficult>
		<bndbox>
			<xmin>88</xmin>
			<ymin>209</ymin>
			<xmax>467</xmax>
			<ymax>515</ymax>
		</bndbox>
	</object>
</annotation>
