<annotation>
	<folder>Agaricus campestris</folder>
	<filename>AC200.jpg</filename>
	<path>C:\Users\drago\OneDrive\Documentos\proyecto\Red neuronal\Agaricus campestris\AC200.jpg</path>
	<source>
		<database>Unknown</database>
	</source>
	<size>
		<width>768</width>
		<height>1024</height>
		<depth>3</depth>
	</size>
	<segmented>0</segmented>
	<object>
		<name>agaricus-campestris</name>
		<pose>Unspecified</pose>
		<truncated>0</truncated>
		<difficult>0</difficult>
		<bndbox>
			<xmin>48</xmin>
			<ymin>192</ymin>
			<xmax>445</xmax>
			<ymax>583</ymax>
		</bndbox>
	</object>
	<object>
		<name>agaricus-campestris</name>
		<pose>Unspecified</pose>
		<truncated>1</truncated>
		<difficult>0</difficult>
		<bndbox>
			<xmin>494</xmin>
			<ymin>404</ymin>
			<xmax>768</xmax>
			<ymax>704</ymax>
		</bndbox>
	</object>
</annotation>
